variant_id,chrom,pos,ref_codon,alt_codon,gene,transcript,composite_score,impact_tier
DEMO_005,chr5,2780798,ACA,ACG,APOE,NM_100004.1,0.3831,MODERATE
DEMO_007,chr3,1436124,GCT,GCG,PKD1,NM_100006.1,0.3734,MODERATE
DEMO_002,chr2,10364231,TAT,TAC,TP53,NM_100001.1,0.15,LOW
DEMO_001,chr1,2678443,GGT,GGC,BRCA1,NM_100000.1,0.15,LOW
DEMO_004,chr1,7287781,TTA,CTA,LDLR,NM_100003.1,0.15,LOW
DEMO_003,chr5,6834366,GGA,GGG,CFTR,NM_100002.1,0.15,LOW
DEMO_006,chr5,29153498,GGT,GGG,MYH7,NM_100005.1,0.15,LOW
DEMO_008,chr4,23833825,TCT,AGC,NF1,NM_100007.1,0.15,LOW
DEMO_009,chr3,7859215,TCA,AGC,RYR1,NM_100008.1,0.15,LOW
DEMO_010,chr3,24082477,CTT,CTG,TSC2,NM_100009.1,0.15,LOW
