variant_id,chrom,pos,ref_codon,alt_codon,gene,splicing_score,codon_usage_score,mrna_stability_score,folding_score
DEMO_001,chr1,2678443,GGT,GGC,BRCA1,0.0,0.0,0.6,0.0
DEMO_002,chr2,10364231,TAT,TAC,TP53,0.0,0.0,0.6,0.0
DEMO_003,chr5,6834366,GGA,GGG,CFTR,0.0,0.0,0.6,0.0
DEMO_004,chr1,7287781,TTA,CTA,LDLR,0.0,0.0,0.6,0.0
DEMO_005,chr5,2780798,ACA,ACG,APOE,0.0,0.3056,0.8,0.4268
DEMO_006,chr5,29153498,GGT,GGG,MYH7,0.0,0.0,0.6,0.0
DEMO_007,chr3,1436124,GCT,GCG,PKD1,0.0,0.3103,0.8,0.3833
DEMO_008,chr4,23833825,TCT,AGC,NF1,0.0,0.0,0.6,0.0
DEMO_009,chr3,7859215,TCA,AGC,RYR1,0.0,0.0,0.6,0.0
DEMO_010,chr3,24082477,CTT,CTG,TSC2,0.0,0.0,0.6,0.0
